{"_wandb":{"runtime":42},"_runtime":42.502562116,"_step":10,"train_loss":29.51932144165039,"action_accuracy":0.2857142984867096,"l1_loss":0.165406162464986,"_timestamp":1.7549253030623593e+09}