{"_timestamp":1.7546342969272606e+09,"_runtime":56.158403026,"_step":0,"train_loss":2.144994795322418,"action_accuracy":0.11160714365541935,"_wandb":{"runtime":56},"l1_loss":0.3849964985994398}