{"train_loss":0.35666245222091675,"action_accuracy":0.3571428656578064,"l1_loss":0.2049019607843137,"_timestamp":1.75463962242492e+09,"_runtime":5168.534287713,"_wandb":{"runtime":5168},"_step":2000}