{"train_loss":1.472627505660057,"action_accuracy":0.11607143096625805,"l1_loss":0.37170868347338937,"_wandb":{"runtime":887},"_runtime":887.492400342,"_timestamp":1.754909134620154e+09,"_step":40}