{"train_loss":22.82242441177368,"action_accuracy":0.12388393050059676,"l1_loss":0.3436624649859943,"_timestamp":1.7550810590339198e+09,"_step":0,"_wandb":{"runtime":141},"_runtime":141.219974746}