{"l1_loss":0.02380952380952381,"_wandb":{"runtime":248509},"_timestamp":1.7548883998310099e+09,"_runtime":248509.623666407,"_step":50600,"train_loss":0.07599912956357002,"action_accuracy":0.4464285671710968}