{"action_accuracy":0.3794642835855484,"l1_loss":0.0986344537815126,"_timestamp":1.7551034153495991e+09,"_step":1450,"_wandb":{"runtime":3239},"_runtime":3239.638275225,"train_loss":0.2017287276685238}