{"_timestamp":1.754926100600635e+09,"_step":150,"train_loss":7.521060943603516,"action_accuracy":0.1964285671710968,"_wandb":{"runtime":708},"_runtime":708.501213938,"l1_loss":0.38445378151260506}