{"_step":11900,"train_loss":0.40800243616104126,"action_accuracy":0.375,"l1_loss":0.09999999999999999,"_timestamp":1.7549782140763092e+09,"_wandb":{"runtime":51394},"_runtime":51394.213352756}