{"action_accuracy":0.11607142817229033,"l1_loss":0.3403886554621849,"_timestamp":1.7550813224813457e+09,"_wandb":{"runtime":42},"_runtime":42.220210146,"_step":0,"train_loss":18.691221237182617}