{"l1_loss":0.155672268907563,"_timestamp":1.755080410553806e+09,"_step":114190,"_wandb":{"runtime":99583},"_runtime":99583.693002336,"train_loss":0.6676155924797058,"action_accuracy":0.3928571343421936}