{"_runtime":65.503159813,"l1_loss":0.6251400560224091,"_timestamp":1.7550821296650944e+09,"_step":10,"train_loss":2.3730133771896362,"action_accuracy":0.0982142873108387,"_wandb":{"runtime":65}}