{"action_accuracy":0.2209821417927742,"l1_loss":0.4178921568627451,"_wandb":{"runtime":395},"_runtime":395.543390193,"_timestamp":1.7549267517278645e+09,"_step":20,"train_loss":1.1246503591537476}