{"train_loss":1.7201793789863586,"action_accuracy":0.1160714291036129,"l1_loss":0.36624649859943975,"_timestamp":1.7546341010465963e+09,"_runtime":186.450662932,"_step":30,"_wandb":{"runtime":186}}