{"action_accuracy":0.0892857164144516,"l1_loss":0.4711484593837535,"_timestamp":1.7546336753887613e+09,"_runtime":31.372267663,"_wandb":{"runtime":31},"_step":0,"train_loss":2.19355571269989}